restaurantNumber,restaurantName
1222,Fountain Square OH
2579,Covington - KY
62,U of Cincinnati
2088,Newport Pavilion 2
1238,Stetson Square
1242,Norwood
3461,Ft Wright
689,Buttermilk
124,Hyde Park
1381,NKU
289,Western Hills
1838,Delhi
2274,Erlanger
1202,Bridgetown
1835,Fairfax
1067,Finneytown
3274,Anderson Towne Center
2702,Dent
1532,Kenwood Towne Centre
565,Florence
61,Kenwood
1307,Dream Street
3436,Hebron
526,Colerain
82,Beechmont
1103,Evendale
1522,Shoppes of Burlington
2585,Tri County Relo
3365,Union
568,Glen Este
672,Cornell
318,Forest Park
1399,Sharonville
577,Milford
1503,Amelia
3098,Loveland
811,Union Centre #2
1351,Jungle Jim's
78,Fields Ertl
3431,Beckett Ridge
1396,Harrison
375,Tylersville
1011,Indian Springs
2674,Liberty Township
2442,Aurora Indiana
1610,Kings Island
3390,Hamilton #2
1667,Cincinnati Premium Outlets
1311,Miami-Oxford
1280,Springboro
2401,Austin Landing
331,Centerville
872,Bellbrook
1366,Far Hills
1151,Indian Ripple
126,U of Dayton
1695,Xenia
2720,Colonel Glenn
283,Beaver Creek
1101,Richmond Village
1824,Englewood OH
733,Little York
1171,Huber Heights #2
1254,Jeffersonville
1400,Troy Pavilion
882,Bechtle Ave
499,U of Kentucky
1704,Columbus Indiana
545,Hamburg Place
572,Mount Tabor
2429,Fayette Mall
2096,Springhurst
2428,Middletown Commons
2615,Hurstbourne
2777,Sidney
1279,Chillicothe
2248,Highlands
1965,Downtown Louisville
2913,Circleville
3084,Grove City South
538,Georgesville
2380,Greenwood
3514,Bellefontaine
3507,Lincoln Village
555,Hilliard Rome
639,Grove City
3014,Hamilton Town Center
947,Mill Run
3382,Fishers 116th
2113,Downtown Indy
3201,Obetz
34,Grandview Heights
628,Tuttle Crossing
1618,Marysville
27,German Village
29,Perimeter
84,Kingsdale
2562,IUPUI #3
181,Arena District
2831,Castleton
2087,Short North
83,Ohio State University
3108,Lane and High
571,96th Street
2208,Broad Ripple
2161,Keystone Fashion Mall Fd Ct
76,Sawmill & 161
1398,Olentangy Plaza
55,Bexley
815,Nora
626,Clintonville
1713,Canal Winchester
1123,Powell
1553,Whitehall Town & Country
1690,Morse Rd
2990,Speedway
686,Westfield
2327,Old Meridian
149,Brice & Tussing
3314,Crosswoods Relo
1804,College Mall
767,Dublin Granville
554,College Plaza
2770,Plainfield IN
46,Easton
691,Rockville Road
470,Rt. 23 North
3196,Pickerington
1890,Gahanna
256,Polaris
563,Indiana University
595,Taylor Square
22,Blacklick Crossing
225,Westerville
301,Chestnut Hill
750,Lancaster
1530,Delaware Community Plaza
530,Maxtown
3533,Lancaster East
1609,New Albany
1638,Lima Elida Road
2243,Marshall University
1257,Kokomo
1422,Marion
385,Heath
1397,21st Street Newark
1053,Ohio University
2267,Huntington Mall (Barboursville)
1072,Jefferson Pointe
1728,Mt Vernon
1066,Coliseum Blvd
982,Findlay
2691,Lima Road
873,Zanesville
2207,I-71 & Mansfield
1775,Lafayette
489,Mansfield OH
2927,Tiffin
690,Purdue University
2467,Corridor G
878,BGSU
3560,Cambridge & I-70
2791,Ashland
1811,Perrysburg
900,Maumee
1068,Holland
2077,Evansville Green River Road
2785,Bowling Green KY
1127,Wooster
1012,Sylvania
3350,Oregon
933,Westgate
1736,Franklin Park # 2
1547,Sandusky Milan Road
3061,New Philadelphia
2206,Adrian
2872,Massillon
2805,Ireland and 31 South Bend
807,Medina
1423,Wadsworth
808,Mishawaka
1268,Notre Dame
1507,Amherst Lorain
3144,Medina & I-71
1568,Canton Centre
1192,Elyria-Midway Crossing
869,Belden Village # 2
3186,Barberton
1457,Brunswick
2383,St Clairsville
1513,Main & Applegrove
1165,Arlington Ridge
3444,Green Township
1989,North Ridgeville
282,Fairlawn
81,Strongsville
1019,SouthPark Mall
951,Highland Square
2244,University of Akron
1365,Avon City Center
3449,Springfield Township
771,Champaign
355,N Olmsted
1669,Valpo
832,Middleburg Hts.
3159,Cookeville TN
3310,West Bay Plaza
1837,Champaign Prospect
917,Cuyahoga Falls
2348,Portage Crossing
2802,Fountain City
2454,Broadview Heights
723,Rocky River
2281,Parma 2
2633,Brimfield
1978,Kamms Corner
2528,Pleasant Valley - OH
751,Brooklyn (Tiedeman)
1152,Stow
2564,Michigan City
2769,Effingham
152,Lakewood
1627,Mt Union Alliance
3282,Crown Point IN
37,Kent State
80,Rockside Corners
3097,W 117th
1216,Hudson Station
1559,Knoxville UT Campus
559,Macedonia
2512,Portage IN
1158,Briarwood
2790,Woodhaven
795,Merrillville
1000,Steelyard
2165,West Town Mall Food Court
810,Garfield Heights
2063,Knoxville Cedar Bluff
955,Ann Arbor Washtenaw
2107,Turkey Creek
1986,Downtown Cleveland
2027,Twinsburg
1219,Ann Arbor Go Blue
1115,Streetsboro
3042,Portage
3394,Taylor
3456,Hendersonville
3441,Ravenna
369,Solon
1743,Uptown CWRU
735,Chagrin Highlands
2609,Bradley
1762,Cedar Center
1729,Kalamazoo
2561,Eton
2172,Highland IN
2718,Canton
3073,Legacy Village Relo
1991,Clarksville TN
2712,Allen Park
2586,Sevierville
1846,Munster
121,Eastgate
2527,Highland Heights
2567,Lakeshore Blvd.
2420,Northville Haggerty
1886,Homewood - Flossmoor
3283,South Holland
1673,Matteson Lincoln Hwy.
765,Euclid Avenue
1687,Vanderbilt
2840,Novi
1370,Nashville West End
2912,Canfield
2842,Brighton MI
2787,100 Oaks
3153,Washington PA
1779,Austintown
310,Mentor
2040,Belle Meade
1389,Green Hills
860,Southfield Evergreen
1648,Telegraph & 12 Mile
2709,Nashville West
3223,Smyrna TN
1434,Frankfort
2821,Mokena
3409,Decatur IL
968,Boardman
1082,Tinley Park
2578,University Town Center
2098,Crestwood
720,Orchard Lake 2
2923,Chatham
1065,Mentor Heisley
586,Beverly
1495,Brentwood Nashville
3281,New Lenox
791,Royal Oak Woodward
3465,WVU
2556,111th and Cicero Oak Lawn
1979,Hyde Park Chicago
3272,Concord Township
3410,YSU
130,Orland Park
868,Niles
1884,Peters Township
2067,Murfreesboro
2638,Warren - MI
2768,Englewood 63rd & Halsted
2173,14 Mile & John R
3171,Cortland OH
877,Robinson Township
746,Troy
1137,Oak Lawn 95th
2347,Bridgeville
3500,Painesville
2796,Chicago-Ford City
2596,Bloomfield - MI
3298,15 & Van Dyke
779,East Lansing MSU
3047,Bridgeview 87th & Harlem
2658,Homer Glen
931,Lansing Mall
2481,Macomb Mall
2409,53rd and Pulaski
3430,South Wabash
1909,South Loop
1524,Cool Springs
88,Jackson
850,Madison & State
2153,311 S. Wacker
1896,South Hills
711,Madison LaSalle
240,Michigan & Wacker
655,230 W. Monroe
144,Ontario
3396,Lockport IL
1292,Presidential Towers
91,Franklin
484,River North
1803,Cochran Road
156,Division
3367,IMD Damen Ogden
1401,Pipers Alley
2071,Boone
2349,South Joliet
724,Rochester Hills
1035,Bloomington Veterans Prkwy
2553,Cicero
52,Orchard
42,Clybourn Commons
2731,Veterans & College Normal
308,Diversey
505,Damen Avenue
818,Hall & Schoenherr
2721,Countryside LaGrange Road
413,Kenmore
1740,Ashland Diversey
1696,Village at Rochester Hills
3433,Wrigleyville
2639,Baldwin Road
1753,Berwyn
1244,Elston Logan
2971,Blacksburg University Crossroads
1533,Market Square
1671,Joliet The Pointe
1633,IL State
752,Willowbrook 83
1922,Western and Roscoe
1089,Century III
2297,Romeoville
1570,LaGrange Relo
1354,Virginia Tech
2408,Broadway and Foster
1281,Cranberry Township
1612,Addison Elston
3345,Shelby Township
316,Oak Park
1264,McKnight
3136,Boughton Road Bolingbrook
3161,Cranberry Springs
2148,Wexford
2268,McCandless Towne Center
863,Univ of Pittsburgh
400,Rogers Park
2410,Carnegie Mellon
1983,Market Place 6 Corners
1146,Baum & Millvale
627,Brickyard Mall
1774,Hermitage Sharon PA
1642,Lincoln Peterson
322,Westmont
529,Bolingbrook
2126,Eastside
1882,Oak Brook East
1220,Melrose Park
3045,Chesterfield
1827,Lincolnwood Town Center
2000,Plainfield 127th
2097,HIP - Harlem & Irving
2855,Saratoga and Ogden
87,Evanston
270,Oakbrook
89,Touhy
2983,Grand and Mannheim
3343,Allison Park
2655,Fox Chapel
1339,Downers Grove Finley Square
498,Elmhurst
2588,IL 83 and St Charles
3036,Patton Avenue
3105,South Kentwood
1663,Naperville 95th
605,Old Orchard
90,Naperville Riverwalk
1541,Park Ridge
1800,Naperville Tower Crossing
2737,Villa Park
277,Wheaton
819,Glen Ellyn
276,Rosemont
624,Fox Valley
587,Warrenville
1369,Golf Mill
1043,Grand Rapids Woodland
2019,Grandville Rivertown
1194,Oswego
2127,Monroeville
2984,Holland MI
1466,Wheaton West
3468,Aurora Eola
1819,Addison - Lake 53
2688,Flint
168,Glenview
2303,Asheville Hendersonville Road
2390,Northbrook Lake Cook
1408,Elk Grove Village
2884,Fairfield and Lake Street
858,Bloomingdale
2298,Willow Sanders
1888,Aurora Kirk & Butterfield
631,Randhurst
404,Rolling Meadows
3414,Murrysville-Walnut Hollow
209,Deerfield
53,Streets of Woodfield
3176,Woodfield Mall
3491,Ashtabula
1462,Aurora Orchard
1210,Lincoln Place
131,Arlington Heights
1622,Hoffman Estates Golf & Roselle
454,St. Charles
3331,Valley View Blvd NW
3215,Grand Rapids Alpine
885,Wheeling
208,Barrington Road
248,Geneva
2247,Lincolnshire
1602,South Roanoke
2466,Palatine
167,Vernon Hills
377,Kildeer
2438,Lake Bluff
1037,Springfield White Oaks IL
1169,Prairie Stone
3546,Hamilton Place
383,South Elgin
1437,Libertyville
1186,Waukegan
999,W Dundee Springhill
3482,Elgin Randall
998,Gurnee Mills
3177,Peru
2350,East Peoria
399,Algonquin
1419,Round Lake Beach
2101,Hickory
1148,Crystal Lake
1955,Peoria Northwoods
2685,Dekalb Barber Greene 
794,Dekalb NIU
1055,Fairview Heights
2820,Kenosha
1426,McHenry
2499,Indiana PA
2163,Saginaw
549,Racine
1361,JMU
1504,Erie Peach Street
3099,CMU
2421,West Erie
1941,SLU
851,Hanes Mall
3072,Lakeside Lynchburg
2026,Florissant
1834,Lynchburg
1956,Mooresville NC
907,DT Clayton
2356,Hanley Road
1831,Haywood Road
2640,Kernersville
1828,Clemson
2922,London North
1245,Woodruff
1680,Spartanburg West
2082,Bridgeton
1048,Kirkwood
483,Rockford
919,Creve Coeur
2213,West County Mall FC
2183,Birkdale Village
441,South 27th Street
515,Hales Corners
1796,Huntsville University Drive
2222,Gastonia
313,Ogden Avenue
2979,Salisbury NC
2035,Rockford Machesney
2665,High Point Main St.
2550,High Point NC
2940,Danville VA
918,Drew Station
2939,Charlotte Northlake
904,Wendover
3445,Dawsonville
905,Ellisville
558,Bluemound Road
1820,Anderson SC
1112,Tosa Mayfair
940,Battleground
2880,Concord Mills
618,Brookfield Capitol
2233,Concord Parkway
1911,UNC Greensboro
2607,Gainesville GA
798,Barracks Road
1874,Charlotte University
920,OFallon
3138,City Park Tyvola
3125,Charlotte Belgate Center
3453,Uptown on Tryon
2199,Canton Marketplace
857,South End
1584,Charlotte Midtown
2406,Pantops
3095,Whitehall
2516,Menomonee Falls
991,Cotswold
1629,Logan Town Center Altoona
1826,Southpark Mall Food Court
2262,Cumming Market Place Highway 20
1110,Winchester
2521,Carolina Place Mall Food Court
2513,Janesville
1510,Hwy 51 @ Carmel
1007,Matthews
2453,Charlotte StoneCrest
3337,Burlington NC
428,Windward
2751,Waverly
459,John's Creek
932,Mall of Georgia
1906,Alpharetta North Point
374,Roswell
3378,Sandy Plains 2
2706,Kennesaw State
2995,Suwanee
2629,Martinsburg
2914,Duluth Sugarloaf Parkway
1972,Ernest Barrett Parkway
1464,Marietta East Cobb
1652,Norcross
1674,Moline
909,Lawrenceville
379,Gwinnett
3289,Sugarloaf Crossing
2221,Culpeper
3134,Monroe NC
667,Perimeter Mall
2100,Perimeter Mall Food Court
477,Sandy Springs
3210,Jimmy Carter Blvd
2713,Chamblee
576,Cumberland
2471,Chastain Park
1700,Davenport 53rd and Elmore
1598,Athens Alps
2278,Snellville President Commons
3501,Austell
391,Buckhead North
2775,Tucker
2215,Lenox Mall Food Court
1628,Warrenton
1717,Lavista Northlake
1009,Hagerstown
485,Toco Hills
3512,Cullman
1866,Howell Mill Rd
3007,Purcellville
2106,South Buckhead
3145,West Midtown Atlanta
1760,Emory Village
3284,1010 Midtown
373,Ponce de Leon
2125,Downtown Decatur
3357,North Atherton PA
809,Chapel Hill
1329,Penn State Univ
3004,Chapel Hill Eastgate
1939,Chambersburg
1249,Virginia Gateway
994,Duke Medical
1974,Gateway Terrace
3133,North Durham
1106,East Towne
312,U of Wisconsin
1539,Leesburg VA
2841,Camp Creek
2723,Bristow
2204,Shorewood Hills
1937,ATL Concourse D
2806,Conyers
1791,Durham Southpoint
317,Manassas
3459,West Towne
781,Shoppes at Ryan Park
2456,Shops at Belmont
533,Middleton
2788,Golden Mile
1271,Dulles Airport
3295,Dulles 28
334,Chantilly
3116,Commonwealth Centre
332,Westview
729,Liberia Ave
1140,Centre Ridge
777,Sterling
1418,Frederick
2246,Morrow Mt. Zion
218,Fredericksburg
3267,RTP Page Rd & Miami
1270,Franklin Farm
517,Herndon
2455,Carter's Corner
1234,Fair Lakes Center
1109,Massaponax
3001,Sugarland Crossing
2396,Cowans Crossing
285,Reston
1284,Reston Town Center
350,Fairlakes
2251,Stafford
1801,South Lakes Village
1946,Park West Village
456,Kamp Washington
525,Short Pump
879,Burke Centre
1694,The Glen
2932,Nuckols Place
3385,Fayetteville GA
3057,George Mason
2001,Oakton VA
2822,Apex
1334,Germantown MD
826,Pleasant Valley
460,Summit
1087,Cary Kildaire
2781,Germantown East
2066,Strickland Six Forks
1478,Pickett
506,Vienna
677,Potomac Mills
461,Kentlands
960,Midlothian TPK
3118,Regency Square Mall
636,Swift Creek
2109,Tysons Rt. 7
2875,Woodbridge VA
1668,Hamburg Buffalo
2514,McDonough
2485,Cary Crossroads
103,Gaithersburg Square
983,Merrifield Town Ctr
1822,Damascus
1554,Tysons Corner Relo
2813,West Springfield Center
3212,Wake Forest 
2130,Potomac Village
2331,Washingtonian
942,Falls of Neuse
3266,Raleigh North Hills
1832,Staples Mill
2324,Reynolds Crossing
293,Falls Grove
3384,Peachtree City
3285,Newnan
1567,Harbison Blvd
2854,Lorton
1467,Newington VA
1659,NC State
2815,Winston Churchill
2386,Triangle Town Center
1477,Mount Airy
1754,McLean
787,Springfield
855,Willow Lawn
1431,Broaddale Center
2272,Chippenham
883,North Richmond
2422,Springfield Town Center
2388,Montgomery Mall
1975,Carytown Place
1147,Wintergreen
722,Arlington Boulevard
2167,Wolfchase Galleria Food Court
1225,Old Georgetown Square
2541,Landmark
2522,Carlisle
2245,Pike & Rose
288,Kingstowne
3024,Fuquay Varina
1777,Tonawanda
2894,Trussville
1861,Lee Heights Shops
2646,Bailey's Crossroads
1191,VCU
1479,Cheektowaga
323,Ballston
3313,Two Notch
44,Bethesda
930,Foxchase
2273,Niagara Falls
278,Chevy Chase
683,Aspen Hill
3031,Cordova
2473,Pike 3400
1439,Kensington
1449,Olney
2143,Square One Food Court
154,Tenleytown
1484,Glover Park DC
2845,Dubuque
194,Rosslyn
1356,Amherst Niagara Falls Blvd
710,Beacon Mall
2055,Wheaton Mall
449,Georgetown #2
1963,Vista
1845,Pentagon City
102,Woodley Park
2950,Garner White Oak
1973,GW
190,DuPont Circle
2217,Potomac Yard
106,Crystal City
3275,Mechanicsville
122,M Street
1402,Columbia Trenholm
245,Old Town Alexandria
1390,Columbia Heights DC
411,Silver Spring
2543,McPherson Square
2039,14th Street
2719,Dixie and Eglinton
2377,Howard University
1608,Four Corners
349,MCI
1579,CityVista
2283,Sherway Gardens FC
1318,Union Station
2479,Union Station Food Court
2593,National Harbor
2881,Ballpark Square
1587,Ridgeway Trace
2637,Garners Ferry Rd.
2565,Catholic
1868,Chester
1969,Rhode Island Row
2193,Hanover
1691,Barracks Row
1475,Transit Road
1515,Westminster II
2668,Hillandale Center
3225,Shops at Park Village
447,White Oak
2642,UAB Birmingham
3115,Mall at Prince Georges
2439,East Appleton
3146,Dakota Crossing
2365,Eldersburg
2226,Mechanicsburg
105,College Park
1578,Hyattsville
3050,Iverson Mall
1639,La Plata
1786,North College Park
3058,Memphis Midtown
2033,Colonial Heights
2747,Maple Lawn
438,Berwyn Heights
2288,Stockyards
3025,Augusta Exchange
1131,Inverness
1069,Iowa City
1173,Appleton
2542,Vestavia Hills
1320,Columbia Mall
3114,Forestville
739,Waldorf
536,Laurel Lakes
2695,New Carrollton
2986,Queen and John
1312,Woodyard Crossing
1776,123 Front Street
1813,Camp Hill
3074,North Augusta 
1236,Toronto Life Square
2038,Woodmore Towne Centre
1759,Ellicott City
1519,Steeplechase
1750,Yorkdale Mall
1139,Vista Gardens
429,Columbia
1607,Fayetteville NC
2192,Maryland City
1468,Midtown Toronto
2015,Green Bay - Oneida St.
2938,Fayetteville Ramsey St.
941,Riverchase
2804,Brandywine MD
2329,Owings Mills
2614,Vaughan Mills
2468,Watkins
1183,Jefferson City
1891,Woodlawn
2933,Vaughan North
2142,Don Mills
1463,Pikesville
2486,Union Deposit
535,Arundel Mills
2618,Bowie Market Place
446,Bowie Town Center
2901,West York
1027,Columbia East
1340,Harrisburg
2972,Selinsgrove
2763,West Nursery
315,Mizzou
654,Waugh Chapel
1877,BWI Airport
2611,Smithfield
1940,South York
2404,Shrewsbury PA
635,Hunt Valley
2953,Scarborough Town Centre
3339,Stadium Blvd
2225,Greenspring Tower
3100,Woodbine and 7
1325,York
1283,Timonium 2
2332,West Pratt Street
1722,North Charles Street
3218,Dunkirk
835,Charles Village
3113,Glen Burnie
510,Roger's Forge
3413,East Pratt Street
2498,Lewisburg
2936,Towson Commons
1721,Federal Hill
2275,Lindale Mall
3015,Pasadena MD
1228,Joppa
1523,Can Company
2103,Hershey
1990,Florence SC
1488,Lee Airport
2669,Parkville
1168,Severna Park
840,Annapolis Mall
2649,Prince Frederick
2459,Macon
2917,Oxford MS
1649,Golden Ring
1936,Downtown Annapolis
1993,White Marsh MD
961,Lex Park
3246,North Bel Air
2902,Lebanon PA
608,Bel Air MD
3128,West Lancaster PA
2054,BAMA Campus
989,Bama (University of Alabama)
2102,Central Lancaster
1353,Williamsburg II
2793,Goldsboro
2493,Warner Robins
2530,Tiger Town Auburn
1735,Auburn Campus
1313,Henrietta
2108,Columbus Park Crossing
1376,University of Rochester
1733,Greece
1644,Easton MD
1526,Pittsford Plaza NY
2873,Columbus South
2837,Victor Crossing
1248,Patrick Henry Mall
2326,Irondequoit
3185,CNU
2683,Greenville Memorial Dr
2181,Greenville
1546,Reading
2436,Webster Towne Center
1333,Peninsula Town Center
2003,Suffolk
3229,Chesapeake Square
2216,Prattville AL
1540,Univ of Delaware
2483,Middletown DE
1678,Ghent
2037,Montgomery Eastchase
3249,Wards Corner
3075,Norfolk Waterside
3234,Churchmans Road
2497,Christiana Mall
2699,Kirkwood Highway
3154,New Castle Delaware
1661,Ithaca
1550,Exton
2823,Military Hwy
1440,Greenbrier Virginia Beach
1198,Turner Square
2433,Wilkes Barre
3425,Fairfax DE
1447,Dover DE
2496,Concordville
1156,Virginia Beach Pembroke
1446,Salisbury University
3021,Summerville Main St
3106,Malvern PA
2605,North Salisbury
2023,Myrtle Beach Coastal Grand
2810,Myrtle Beach South Strand
2756,Trexlertown
1387,Lynnhaven
2908,Landstown Commons
2351,North Myrtle Beach
3090,Granite Run
2294,Hilltop
2432,Cedar Crest
2405,Gateway Wayne
2757,Newtown Square
1856,King of Prussia Food Court
1794,Lehigh Valley
1417,Wayne PA
2002,Red Mill
2177,KOP Pad
2733,Marple
2129,Gateway Plaza
1780,North Charleston
2223,Springfield PA
2311,Bethlehem PA
2379,New Bern
1090,Springfield National
1869,Binghamton
1862,Havertown
1125,Ardmore Main Line
2234,Dickson City
1050,Springfield-MO
3165,Blue Bell
1023,Plymouth Meeting
3010,Warrensburg
2577,Centre Pointe
1959,Wilmington Oleander
2050,PHL Airport
2282,Mayfaire
1060,Airport Square
1045,Bala Cynwyd
1214,UPenn
2643,Drexel University
2710,Freemansburg
3315,Lincoln Square Philadelphia
2257,Liberty Place
1480,Rittenhouse Square
1752,12th & Walnut
2013,Temple University
2571,Fort Washington
3111,Cheltenham Mall
3347,Columbus Blvd
2166,Charleston King Street
967,Valley Square
1201,Willow Grove
1709,Deptford
2850,Mt. Pleasant Wando Crossing
2231,Abington
2300,Doylestown
1833,Rehoboth
2886,Warminster
1938,Cottman Avenue
1407,Cherry Hill NJ
2732,NE Shopping Center
1980,Turnersville
2689,Camillus
2776,Ankeny
2761,Cinnaminson
1795,West Ocean City
1893,Voorhees
3290,East Gate
2389,Pooler GA
1514,Neshaminy
3107,Marlton Greentree
1904,Clay
1562,Syracuse University
3398,Bensalem
1545,Merle Hay
1319,Marlton
2357,Bluffton
2115,Mt. Laurel
3221,Newtown PA
2915,Albany
2795,Conway
1162,Valley West Mall
1432,Dewitt
2557,Jordan Creek
3370,Oxford Valley
1785,Ames
3524,Cicero NY
1382,Blue Springs
2041,Savannah Victory Station
2229,Savannah Abercorn
2057,University & Markham
1632,Pleasant Ridge Town Center
3460,Hinesville
395,Independence
1905,Eau Claire
2518,Mays Landing
1557,Chipman
3400,Mercer Mall
1751,Princeton
243,Lee's Summit
649,Ear of Corn
3173,Hillsborough
1620,Blue Ridge Crossing
736,Liberty
1849,Raytown
867,Bridgewater Commons
557,Rochester
2612,North KC
2475,Basking Ridge
2934,Chimney Rock
1848,Belton
2852,Truman's Marketplace
3228,Bernardsville 
1493,North Oak
859,Kansas City Live
648,Main Street KC
51,Waldo
16,Bell
1810,Rockaway Townsquare Mall
969,North Brunswick
3217,South KC
776,Stateline
3197,Tremont
2482,Prairie Village
1256,New Brunswick NJ Rutgers
335,Barry North
1294,Leawood
1772,South Plainfield
340,Johnson Drive
31,Glenwood
2864,Morris Plains
1725,East Brunswick
3194,Stanley
336,135th & Metcalf
2196,Route 22 Watchung
2030,Madison NJ
2255,New Providence
15,Corporate Woods
3211,Metuchen
1847,Shawnee
2119,Oak Park Mall Food Court
3519,Manahawkin
356,95th & Quivira
1592,Freehold
1305,Menlo Park Mall 2
1471,Westfield NJ
2394,Parsippany Troy Hills
3164,Blackbob
1233,East Hanover NJ
49,Northridge
3397,Lenexa
3052,Springfield NJ
3131,Woodbridge NJ
1275,Union Springfield
2256,Clark NJ
669,St. Joe
2569,Howell
2182,New Hartford
891,Legends
1999,Toms River NJ
738,Southgate
1209,West Caldwell
2727,Shawnee West
3318,Olathe West
3324,Union NJ
1895,Watertown_NY
2011,West Orange
2480,Brick Plaza
747,Wayne Town Center
2566,Holmdel
2018,Middletown_NY
2918,Staten Island Mall
3086,Bloomfield
2112,Joplin
2179,Newark NJ
3071,Kearny
1454,Brook 35
2308,Hylan Blvd
2680,Red Bank NJ
2136,Bentonville
1293,Monmouth Mall
817,Mad River
1949,East Rutherford
1706,Ramsey
3297,Journal Square
2253,Bay Ridge
2458,College & Millsap
2171,LODI NJ
1823,Garden State Plaza
3030,Teterboro
2627,Jersey City Newport Tower
775,Secaucus
1935,Hoboken NJ
1062,Paramus
1836,Battery Park City
476,Bowling Green
2291,New York Plaza
1879,Tribeca
2570,Cropsey Avenue
950,Maiden Lane
1341,Fulton Street
1630,Civic Center
642,Varick
2704,404 Broadway
1915,Court Street
1631,Greenwich Village
2134,Montvale
1277,Chelsea West
1597,SOHO East
561,Montague Street
1603,University of Arkansas
1549,NOHO
2961,Hackensack Commons
2168,13th & 6th - NEXT Kitchen
590,NYU North
2090,Metrotech
481,Wolf Twine
3309,Fulton Street Mall
643,283 Seventh Avenue
482,Penn Plaza
854,Union Square North
2254,7th Ave Park Slope
1359,Union Square South
2494,Woodbury Commons
2964,601 8th Avenue
681,Clinton
1962,Madison Square Park
1321,Garment Center
1237,Gramercy Park
2534,1400 Broadway
682,Empire State
2879,347 Flatbush
2407,Kings Hwy
2476,Stuyvesant Town
949,Park Avenue South
797,World Wide Plaza
2123,28 W 40th Street
769,1221 6th Ave
632,Bryant Park
2484,Myrtle Avenue
1255,274 Madison Avenue
1435,Columbus Circle
1178,25 West 45th Street
1332,Edgewater
1829,Kips Bay
1122,Upper West Side
1531,56th & 6th
436,Grand Central
1126,320 Park Ave
1928,Broadway & 83rd
491,E. 52nd Street
2766,Nostrand Avenue
2375,55th and 3rd
2895,Williamsburg NY
2135,Bloomingdales
1394,Hunter College
2602,Columbus Square
921,Columbia Univ
1766,69th and 1st
3233,Bushwick
1486,Upper East Side
2335,Fort Lee
1703,Englewood NJ
2211,Kings Plaza
2760,Long Island City
3265,Ralph Avenue
3216,125th Street
1968,Columbia Presbyterian
2943,Closter
2838,161st Street
2072,Palisades Center
2418,Jackson Heights
2309,Riverdale
1961,Queens Center
2190,Fordham
2834,Rego Center
24,Mass Ave
3044,Howard Beach
1987,Forest Hills Queens
2154,Lawrence - 23rd Street
2540,Throggs Neck S.C.
1658,Cross County S.C.
3020,Jamaica Avenue
2089,Dobbs Ferry
378,West Lawrence
2659,Bay Plaza
3064,Pelham Manor
782,Hastings
2252,Lawrence NY
3063,"White Plains, Rte 119"
2301,Valley Stream
2312,Little Neck
1393,Great Neck
888,Hudson WI
2967,Elmont
1574,Downtown White Plains
2904,Fishkill
1665,Lake Success
2295,Oceanside LI
1573,Mineola
2437,80th St - Cottage Grove
2010,Kingston
1348,Rye Brook
3317,Mt Kisco Route 117
979,Carle Place
1934,Roosevelt Field Mall
2919,Rosemount
657,Lake Elmo
980,Uniondale
234,Woodbury
653,Stillwater
2310,Merrick
2825,East Meadow
2056,Carriage Gate Tallahassee
33,Apple Valley
3214,Lakeville
799,Hicksville
2395,Riverside Commons
226,Robert Street
2836,Wantagh
238,Eagan
1739,South Eagan
2581,Levittown
1840,Syosset
265,Burnhaven
1534,Florida State University
128,Lawson
1535,Governors Square Tallahassee
224,Maplewood
3511,Stadium Centre at FSU
1438,North Maplewood
402,Grand Ave.
1133,Mall of America MN
816,Farmingdale
25,Highland Crossing
895,Mankato 2
754,Bloomington MN
1414,Richfield 2
1159,Huntington Station
2444,I95 NB Darien
876,Vadnais Heights
551,Mankato
1424,Darien CT
594,Richfield
2730,"Danbury, Mill Plain Road"
757,Shakopee MN
419,Edina
1081,Roseville
3529,Roseville - Snelling Ave
1933,Danbury Fair Mall
21,Stadium Village
1865,Shoreview
268,7 Corners
836,Wanamaker
1571,200 South Sixth
251,St. Anthony
263,Nicollet Mall
365,Hennepin
186,Skyway
1227,Tanger-Deer Park
3323,East Northport NY
30,Calhoun Commons
728,Silver Lake
3256,St Louis Park Relo
3349,Commack
338,Eden Prairie
2692,694 & Central
3051,Bay Shore
593,Hopkins
1634,Motor Parkway
1263,Niskayuna
774,Golden Valley MN
2265,Destin Commons
1496,Stuyvesant Plaza
431,Chanhassen
2803,Brooklyn Center
1172,Ridgedale Center
1452,Northtown MN
2765,Nesconset Highway
2051,Minnetonka 7 & 101
630,Blaine
3327,Chaska
764,Crystal
1391,Wolf Road
3405,Albany New Scotland Ave
1583,Fairfield CT
884,Wayzata MN
514,Brooklyn Park
3358,610 & Zane
1155,Latham Route 7
196,Plymouth
2539,Smith Haven Plaza
3240,East Greenbush
1992,River City Pointe Place
2559,Bridgeport Steelpointe
2205,Mobile
3311,Coon Rapids - Northdale
2956,Sayville
19,Arbor Lakes
2280,Pier Park
3029,Westwood Plaza
1386,Clifton Park
3081,Panama City
2724,Champlin
324,Coon Rapids
3188,Patchogue
1116,Maple Grove
2560,Shelton
784,Wolf Creek
2978,Port Jefferson
2337,Selden
1575,Connecticut Post Mall
2440,Settler's Creek
1278,Wilton
2705,Rogers
612,72nd Crossing
3022,Rideau Centre
2789,"West Haven, I95"
3152,Regency Jacksonville
925,Elk River
1981,Yale
707,Baker Square
2547,Beach and Hodges
1927,Hamden
3393,Oakleaf
1177,Markets at Town Center
450,West Maple
995,Orange Park
2714,Jacksonville Beach
666,Legacy West
2968,Queensbury
2827,Branford
1181,Mandarin Riverplace
2887,Southington
2568,Riverhead
2385,Wallingford
1748,Shoppes at Farmington Valley
2644,Bartram Park
1763,Corbins Corner
1903,Newington Gateway
1421,West Hartford
3124,Middletown CT
287,Manhattan KS
3126,Wethersfield
1518,Glastonbury
2006,Lincoln O-Street
673,South Ridge
1044,E Woodland Hills
2210,Duluth - Miller Hill Mall
1651,Univ of Nebraska - Block 38
1724,Enfield
1677,Buckland Hills
2141,Tulsa Promenade
2693,Holyoke I91
2905,"West Springfield, MA"
3121,South Memorial
2155,61st & Yale
1336,Cherry Street 2
2175,Texarkana
1995,Sioux City
1580,Chicopee Crossing
2735,North Gainesville
2277,St. Augustine
3334,East Longmeadow
486,U of Florida
1792,St. Cloud - 5th Ave.
793,Archer Road
28,Gateway Village
1693,UMASS
2937,Slidell
3120,Mandeville
2656,Bossier City
1854,Plattsburgh
1793,South Burlington
3109,Palm Coast
2959,Keene NH
2176,Shreveport
546,Rock Road
1302,Wichita East
1971,Ocala 2
2613,Derby Marketplace
547,Hillside
3205,Worcester 
3508,21st & Amidon
3427,Baxter MN
1267,Shrewsbury
2144,Veterans Blvd
3193,Salina
2515,Ormond Beach
1952,Maple & Ridge
3204,Magazine - Garden District
1818,Elmwood
1797,LSU
422,New Market
3241,LPGA Daytona
3485,Leominster
978,Warwick
2020,Smithfield RI
2558,Johnston
783,Daytona Beach
1371,Garden City Center
1108,Westborough
1873,Airport Plaza
3268,Lincoln RI
1200,Marlborough
2924,Gonzales Outlets
1388,Providence - Thayer St
3117,Milford Rte 109
2296,Middletown RI
1844,Port Orange Gateway Center
1161,OSU-Stillwater
1686,Franklin Village
2194,Seekonk Rte 6
2509,Attleboro Rte 1
3190,Deland
1211,Shoppers World
2987,Natick
1737,Nashua_Amherst Street
1676,Westford
1113,Mansfield Marketplace
1373,Daniel Webster Highway
2120,Mount Dora
2744,Chelmsford
2249,Longview
1260,Norwood - Boston
1799,Bedford_NH
1699,Waltham_Main Street
1250,Needham Street
2016,Bedford MA
1473,Manchester NH
2976,Waltham Lexington St
2435,Billerica
2427,Westwood University Ave.
2276,Sanford
1034,Dedham
1855,North Dartmouth
1817,Raynham
1474,Burlington Marketplace
3333,Arsenal Yards Relo
1059,Cleveland Circle MA
2826,"Concord, Loudon Road"
610,Lake Mary #2
1299,Fresh Pond
3149,Brockton Westgate Mall
1357,BU Terriers
2994,Spring Hill
1036,Davis Square
1224,Fenway Park
2667,Randolph
1892,Central Square_Cambridge
1098,Woburn Mass
1615,Kendall Square MIT
2341,553 Boylston Street
1970,Cambridgeside Galleria
2954,South Bay Center
2622,City Place Theatre District
870,Medford
1111,South Shore Plaza
1883,Apopka - Wekiva
1520,Boston Financial District
1653,School Street
1150,North Quincy
2491,Boston Seaport
2654,Reading Walkers Brook
604,Altamonte
2592,Methuen The Loop
1425,North Andover
2362,Casselberry
1243,Saugus
1259,Willa Springs
2736,Oviedo
1406,Derby Street
1143,Clermont
3248,Haverhill
3342,Dillard & 50
360,Winter Park
789,Ocoee
457,U of Central Florida
1136,Winter Garden
1114,Northshore Mall
442,East Colonial
1806,Swampscott
570,Metrowest
2354,Lafayette Ambassador
3101,Windermere
821,Waterford Lakes
647,South Orange
3299,Plymouth MA
1957,Beverly_MA
1052,Edmond
2645,Port Richey
2897,Millenia Boulevard
3157,Azalea Park
1870,Millenia Mall Orlando
1289,Dr. Phillips Marketplace
675,Florida Mall
844,Orlando Airport
2169,Quail Springs
2745,Orlando Airport Term 2 FC
3286,Vineland Pointe
3110,Trinity
1232,Northwest Expressway
3471,West Kissimmee
2353,Southchase
3203,Osceola Parkway Kissimmee
2874,Moore
1383,University of Oklahoma
3308,Wesley Chapel
2546,Celebration
2870,Lake Nona
727,Kissimmee
1951,I-35 & Robinson
3156,Dover NH
1097,Newington
1613,Tyler
2465,New Tampa Highwoods Preserve
2147,Coral Landing Palm Harbor
3466,Davenport
1494,Gunn Highway Citrus Park
2885,Greenville Texas
813,Carrollwood
3332,Cape Cod Hyannis Relo
2930,Nacogdoches
2200,St. Cloud FL
1195,Big Sherm
3102,Westchase
828,USF Fowler 2
1328,Countryside
2448,North Lakeland
762,Clearwater Mall
2170,International Plaza Food Court
2548,Dale Mabry & Walnut
611,Westshore
2801,East Largo
823,South Tampa
3082,Largo Ulmerton Road
1499,South Lakeland
2052,Viera
2198,Brandon Town Center
2058,Brandon Mall Food Court
2391,Dale Mabry & Gandy
2580,Winter Haven
2989,Seminole City Center
1626,Brandon-Bloomingdale Avenue
713,Parkside Mall
2734,North St Pete
1041,Tyrone
731,4th Street
1132,380 Town Crossing
633,Eldorado
1839,Melbourne
1074,Rockwall
3049,Terrell
464,Allen
1809,Murphy
2829,Custer
2997,Spring Creek
2981,Rowlett
756,Firewheel
1536,South Portland
94,Collin Creek
1749,Westbrook
101,Preston Ridge
3258,Warren and DNT
396,Telecom Corridor
2603,Portland Marginal Way
1734,Shops at Legacy
3130,Coit & 190
244,Park & Preston
3302,Mesquite East
465,Mesquite
1616,Preston & Frankford
1481,West Plano
1808,Richardson
2851,The Colony
314,Central Expressway
3303,Casa Linda II
665,North Dallas
3292,Abrams and NWH
60,Preston Forest
3526,Park Lane
2036,NorthPark Center
560,Upper Greenville
197,Addison
975,Bradenton
3220,Carrollton TX
2816,Farmer's Branch
2132,Lakewood TX
3389,Corinth
1282,Knox Street
432,Denton
344,Vista Ridge
401,Oaklawn
3270,Lakewood Ranch
38,McKinney
2749,Bachman Lake
406,North Lewisville
1902,UNT Fry St.
2625,Rayzor Ranch
3489,Victory Park
3065,West Love
1252,Coppell
1375,University Town Center Sarasota
1456,Flower Mound
330,Las Colinas
1212,Las Colinas South
2774,LBJ and Beltline
3525,Flower Mound South TX
2117,Grapevine Mills
2946,Sarasota Towne Center
1040,Sarasota
393,Irving Mall
3415,NDSU
2359,Fargo - Prairie Stone
97,Southlake
3322,Wheatland
1859,Vero Beach
2021,Euless
3375,Roanoke
3379,Centreport 2
3344,Red Oak
2364,West Southlake
3142,Colleyville
2871,Beaumont
3238,Pioneer
3040,Bedford TX
1715,Grand Prairie
1889,Cedar Hill
343,Arlington
424,North Richland Hills
2630,Port Arthur
2818,Hach
96,Northeast Mall
792,UTA
661,Watauga
2242,Rufe Snow
2525,Alliance
1323,Arlington South
3377,Blue Mound
1788,Mansfield TX
2235,Augusta
2676,Medical District Fort Worth
812,Fort Worth
2697,North Port
2772,Lake Worth
93,Trinity Commons
3077,Hawks Creek
1697,Camp Bowie
1258,St. Lucie West
660,Bryant Irvin
2503,Huntsville
2352,Jensen Beach
1564,Stuart Center North
2378,Wichita Falls
2250,Weatherford
1469,Conroe TX
3060,Cape Coral Marketplace
1287,Atascocita
3000,Woodlands North
2910,Cape Coral Del Prado
3447,Rayford Crossing 
2771,Granbury
2698,Colonial & 75 Fort Myers
376,Woodlands
833,Deerbrook
2105,Jupiter
2145,Baytown TX
3260,Summerwood
2285,College & 41 Fort Myers
2381,Louetta North
3189,Donald Ross Road
2811,Baylor University
3039,Spring North
1429,Wallisville
1871,The Gardens Mall
3408,I-45 & Richey
1565,Palm Beach Gardens
2219,Gulf Coast Fort Myers
2963,Haden & I-10
1117,WACO
3448,Gleannloch
3182,Greenspoint
2794,Tomball
1490,College Station 2
3085,San Jacinto Houston
1303,Louetta Road
2809,Shoppes at Coconut Point
163,Willowbrook
408,College Station
359,Pasadena
3140,Pasadena West
881,West Palm Beach
2279,North Loop TX
347,Theater District
2201,Jersey Village
990,Wellington
1894,Heights Blvd.
3129,290 and 34th
170,Northwest Marketplace
2162,Midtown
358,Copperfield
1185,Baybrook TX II
2398,Spring Cypress
2661,Greenacres
478,River Oaks
2798,Fairfield Outlet
201,Med Center
95,Village Place
388,Greenway Plaza
2620,Houston Galleria
2800,Barker Cypress
3493,Tanglewood TX
1930,Copperfield South
249,Richmond & Sage
1298,Reliant Park
2284,Memorial City Mall
1914,Lantana & Jog
3406,Friendswood
2470,Pearland East
1004,City Centre
1577,Naples Mercato
948,Mid-Westheimer
2287,Bangor
2817,HBU
3059,West Boynton Beach
2140,Energy Corridor
271,Royal Oaks
802,Boynton Beach
1582,Pearland
2722,Naples Plaza
252,Katy
3497,East Boynton Beach
3002,The Grid
2992,West Delray Beach
2290,Katy South
2970,Katy West
1217,Delray Beach
1679,Missouri City
770,Sugarland
2861,North Boca Raton
3402,Aliana
1379,Westwinds West Boca
2860,South Naples
1395,Bird Creek Crossing
721,Central Boca Raton
1689,Garden Shops Boca Raton
1787,East Boca Raton
1988,Greatwood
2996,North Coral Springs
1410,Turtle Run at Coral Springs
2266,Deerfield Beach
678,Coral Springs
2416,Pompano
2487,Lauderhill
2111,Cypress Creek
2488,Sawgrass Mills Food Court
1860,Fort Lauderdale North
2916,Sunrise and University
1130,Harker Heights
924,Sawgrass Ikea
1502,Bal Harbour Square Fort Lauderdale
1701,Davie Tower Shops
838,Weston
2784,Fort Hood
3158,Riverbend Fort Lauderdale
1912,Fort Lauderdale South
2671,Davie South
2773,Copperas Cove
985,West Pembroke Pines
1315,East Hollywood
1032,Pembroke Pines
2445,Dania Beach
2417,Miramar
1404,Miami Gardens
3269,Aventura Mall Food Court
1203,Miami Lakes
1508,Aventura
3033,Hialeah Gardens
952,North Miami FL
1290,Hialeah 2
466,Republic Square
3034,Airport West
3383,Beacon Lakes
2489,Doral 87th Avenue
2306,Fountain Square
2363,University Oaks
3087,Lejeune Road Miami
2634,Pflugerville
2707,Coral Way - Westchester
1918,Coral Gables
117,Round Rock
914,West Kendall
3232,Kendall Mall
1058,South Miami
262,Scofield Farms
2014,Pinecrest
2342,Cedar Park
874,Millwood
427,Lakeline Mall
847,Arboretum
2085,Point Royale Cutler Bay
1326,Anderson Lane
973,Mueller
56,45th & Lamar
92,U of Texas
3328,Plaza Saltillo
501,Congress
2330,South Shore
2606,Homestead
43,Westbank
1723,South Lamar
620,Stassney
2929,Abilene
346,Sunset Valley
1008,Southpark Meadows
1028,San Marcos
2304,Amarillo
2799,San Marcos Outlets
1758,New Braunfels
171,Forum
2753,TPC & 281
592,Vineyard
2754,281 & Bitters
971,San Pedro
480,Quarry
582,Alamo Heights
569,Huebner Oaks
1506,Texas Tech Red Raiders
2786,Rivercenter
1910,Medical District
1071,Bandera Road
1606,Kingsgate
2651,West End Lubbock
3160,Alamo Ranch
927,Westover Marketplace
3551,Potranco III
910,U of N. Colorado
2343,Corpus Christi
943,Southlands
1014,Cheyenne
566,Smoky Hill
871,I 70 & Tower
2857,Clovis NM
59,Parker
719,Crown Point
75,Buckley & Quincy
66,Iliff & Chambers
1291,Arapahoe & Parker
745,Fitzsimons
394,Powers
1189,Pueblo
3192,45th & Peoria
254,Centennial
23,Havana
35,Citadel
1145,London Square Relo
40,FlyingDog
2555,Park Meadows Mall Food Court
1885,Park Meadows Relo
1049,Castle Rock Shoppes
255,Stapleton
143,Lone Tree
58,Chapel Hills
1528,Arapahoe Relo
599,Belleview Promenade
7,Tiffany
32,Monaco
162,Commerce City
1070,CS Univ Village
2,Colorado
67,Tejon
185,Broadmoor
161,U Hills
48,Cherry Creek
911,Lowenstein Theatre
264,Thornton
780,Loveland Factory Shops
153,Garden of the Gods
3376,Highlands Ranch
712,Lambertson Lakes
3245,Orchard Town Center
1,Evans
189,Dry Creek
1095,Ft Collins
4,Alameda
54,6th & Broadway
9,California
73,LODO
390,Hampden
970,Littleton
69,104th & Federal
3257,Westminster Plaza
250,CSU
10,Lowell
755,Wildcat
581,Sheridan
822,Taft
650,17th & Main
74,88th & Wadsworth
1039,55th & Wads RELO
2355,Lafayette Crossings
13,Longmont
766,Colfax
68,Alameda & Wadsworth
644,Wadsworth & Hampden
1430,Bow Mar
2666,Southwest Plaza FC
685,64th Ave. & Ward Rd.
896,Union Relo
6,Youngfield
114,Louisville
2224,Midland
71,Ken Caryl
503,Colorado Mills
894,29th Street
11,Boulder
2232,Odessa
1105,Silverthorne
2728,Laredo
2891,Harlingen
2708,10th and Trenton
2888,Pharr
2582,The Palms
3363,Santa Fe
1698,Paseo del Norte
1714,ABQ Uptown
1919,Cottonwood
2952,UNM
2920,Coors Blvd
946,Grand Junction
3091,Farmington
2490,Billings Mid Town
1923,George Dieter
2675,North El Paso
1966,The Fountains
2601,Fort Bliss
3178,Las Cruces - Telshore
1781,UTEP
2921,N Mesa Rd
3181,West Towne El Paso
2318,Bozeman
2533,University Mall
974,Sugarhouse
954,Fort Union
2980,400 South
953,West Bountiful
2532,Murray
1104,Sandy
2591,Lehi
2536,Layton
3070,Riverdale Road
1542,Flagstaff
2623,Sedona
1476,Sierra Vista
2118,22nd and Harrison
2400,Grant and Tanque Verde
2590,Oro Valley
1273,Park Place Mall
85,Grant & Swan
421,Campbell Village
668,Tucson Mall
372,Foothills
116,University Square
1764,Signal Butte and Baseline
2371,Cortaro and I-10
3043,I-19 & Irvington
1821,Las Sendas
3147,Superstition Springs Relo
1163,Ritten House
698,Power & 202
1710,Dana Park
357,Thompson Peak
3432,Sahuarita
3429,Cave Creek
3287,Stapley and McKellips
1798,SanTan
2029,Grayhawk
45,92nd & Shea
444,Maloney
658,Cooper & Baseline
1625,Scottsdale Pavilions
2507,Prescott Valley
112,Hayden & Royal Palm
305,Gilbert Town Square
2478,Scottsdale and Shea
2853,Desert Ridge
699,Gilbert & 202
2531,Tatum and Bell
2535,Alma School Relo
1301,Downtown Scottsdale
2624,Scottsdale Fashion Square
1595,Paradise Valley
744,Tempe Marketplace
1977,Scottsdale and Thomas
742,Alma School & Queen Creek
2628,Discovery
1208,ASU
1322,Rural & Baseline
1711,Prescott
1718,Chandler Boulevard Shops
41,44th & Thomas
1450,7th St. & Bell Road
1119,Nortera
2973,Arcadia Fiesta
1427,Casa Grande
3170,48th St and Broadway
3457,Priest & Elliot Rd
543,Camelback
2314,Deer Valley Town Center
3306,I-17 & Bell
26,Chandler Pavilions
2495,Missoula
2808,Uptown
253,Metro Center
3399,19th and Bethany
2859,Ahwatukee
1079,South Mountain
1726,Encanto
1684,City Scape
2511,St. George
1768,67th Ave and 101
86,59th & Thunderbird
1917,Arrowhead Towne Center
1448,Northern Crossing
734,Arrowhead Fountains
916,Happy Valley
2049,Laveen
1767,Desert Sky
2046,Westgate Glendale
2457,Maricopa
861,99th & McDowell
898,Surprise
542,Goodyear
923,Sundance Town Center
2042,Kingman
2259,Downtown Boise
1624,Boise Towne Square
2783,Garden City
1997,Meridian
1897,Lake Havasu
3392,Boulder Hwy and Lake Mead
2197,Charleston Commons
320,Sunset Station
1118,The Cannery
2883,North Las Vegas
2218,McCarran
363,Maryland Parkway
2584,Las Vegas North Outlets
366,St. Rose
3494,Eastern Beltway
2393,N Decatur and 215
2431,Hughes Center
1623,Fashion Show
328,Harrah's
2240,Venetian Grand Canal
2345,Miracle Mile Shops
407,Belz
1285,Sahara Pavilion
2402,Blue Diamond
718,Las Vegas Tech Center
963,Montecito
1138,The Arroyo
1207,Ft. Apache
2307,Tropicana Beltway
1662,Yuma
3374,Big Curve
1544,Spokane
1094,La Quinta
2501,Monterey & Dinah Shore
1251,Palm Desert
1149,Palm Springs
1384,Barstow
2573,Kennewick
3104,Cabazon
3041,Banning
1091,Jess Ranch
1253,Hemet
233,Redlands
2647,Mountain Grove
1907,Hesperia
956,San Bernardino
1916,Moreno Valley 2
2360,North Rialto
2955,Perris
1229,Menifee
2424,Rialto
1782,Red Hawk
2373,Van Buren & Trautwein
2434,Temecula
2866,Sierra Lakes
1498,Murrieta
2317,South Fontana
333,Riverside Plaza
2092,East Escondido
1380,Victoria Gardens
2598,Tyler Street
3078,North County Mall
2677,El Cajon East
600,Escondido Promenade
1783,The Mills
215,Rancho Cucamonga
785,Ontario Mills
1056,Poway
1805,Santee
1692,Carmel Mountain
1465,Eastvale
2034,4S Ranch
2156,Colonies Crossroads
1636,San Marcos Creekside
2610,Corona Crossings
487,Norco
228,La Mesa
2425,Eastlake
1943,Corona
2346,West Ontario
621,Vista Village
230,Upland
2678,Mission Marketplace
1816,Bonita Plaza
1512,Montclair Mall
2302,Campus Plaza
2202,Aztec Student Center
2164,Miramar Air Station USMC
1640,Del Oro Marketplace
235,Mira Mesa
2367,La Costa Town Square
2261,Chino
1660,Carlsbad
3179,Claremont Promenade
222,Encinitas
2084,Plaza Bonita Mall
1551,La Verne Ctr
479,Oceanside
2086,Kearny Mesa
1773,Flower Hill
1770,Carmel Valley
1166,Chino Hills
1141,Mission Valley
1921,Genesee Plaza
2133,Chula Vista H Street
2269,Pomona
2600,National City
1744,UTC
159,Hillcrest
2725,Rancho Santa Margarita
107,LaJolla Village Square
1635,Downtown San Diego
935,Glendora
2947,Imperial Beach
603,Grosvenor Square
3148,Diamond Bar
2305,Sparks Marina
111,Anaheim Hills
199,Pacific Beach
1295,Foothill Ranch II
829,Walnut
1433,Azusa
132,Lake Forest
1757,Mission Viejo
588,The Curve
3502,Wenatchee
1925,Lancaster South East
1924,East Anaheim
1683,San Clemente
3122,South Meadows
3012,Shops at Mission Viejo
2941,Crown Valley
1096,The Arbor
2070,Woodbury Town Center
326,Palmdale
2146,Reno
109,Northpark Plaza
2094,West Covina
1026,Irvine Spectrum
1349,Laguna Niguel
1641,El Modena
3373,Placentia
596,The Village
3372,Aliso Viejo
1306,Brea
2114,Brea Mall
1288,Puente Hills Mall
472,Tustin
1461,Dana Hills
2975,Baldwin Park
684,Cal State Fullerton
3009,Carson City
2942,Tustin Legacy
2974,Hacienda Valley
2074,Huntington Oaks
2812,Mae Anne & N McCarran
1492,The Crossroads
2619,Anaheim Town Square
1929,MainPlace Mall
2681,Harbor and Orangethorpe
2083,Santa Anita
2214,Santa Ana College
1063,La Habra
2116,UC Irvine
207,East Pas
1657,Whittier
805,Bristol Center
2062,Anaheim
1441,The Bluffs
2321,Temple City
2227,Santa Ana
1771,Rosemead Place
2545,Garden Grove Promenade
929,South Lake
1812,Santa Fe Springs
147,Harbor Center
1596,Pico Rivera
3132,Brookhurst St
2053,Centerpointe
229,Fountain Valley
2399,Montebello
1850,Cypress Center
1247,Alhambra II
1525,Newport Peninsula
1223,La Canada Town Center
1176,Beach Blvd.
1931,Westminster
680,Cerritos
1790,ELA City College
1920,Seacliff Village
2985,Citadel Outlets
2374,Eagle Rock
3184,Cerritos College Square
2657,Los Cerritos
737,Downey
2446,Promenade at Downey
1511,Rossmoor
1296,Glendale CA
3505,SLT
3252,Porterville
2500,Brand Blvd.
2237,Glendale Galleria
2220,Azalea South Gate
679,Lakewood Mall
2893,Paramount
1807,Marina Pacifica
3062,Echo Park
364,Burbank
825,Long Beach
1500,Financial District LA
3119,City West
2988,South Park
2238,Huntington Park
1913,Koreatown
2320,Signal Hill
2241,Compton
945,USC
1521,Toluca Lake
1310,Sunset & Vine
1128,Golden Valley Ranch
1967,Larchmont Village
3168,Downtown Long Beach
1843,NoHo LA
1538,Melrose Place
1413,Sunset Boulevard
1945,Midtown Crossing
2236,San Fernando
913,Miracle Mile
758,Farmers Market
1996,Baldwin Hills
2286,Southbay Pavilion
1412,Studio City
2911,Victory Plaza
2461,West Hollywood
2711,Mission Hills
2361,The Plant
2877,Crenshaw Imperial Plaza
1960,Gardena Marketplace
2093,Fashion Square Mall
261,Beverly Hills
1569,Valley Glen
1778,Little Santa Monica
1385,Valencia Towne Center
3035,Mt Vernon Bakersfield
759,Valencia
962,Visalia
3094,Ladera Heights
1167,Culver City DT
1942,Sherman Oaks
1681,Granada Hills
2095,Century City
3011,Fox Hills
2212,Culver City Terrace
3026,North Hills
1876,Culver Crossroads
204,Hawthorne
2372,Tulare
198,Torrance Crossroads
1084,UCLA Bruins
1675,San Pedro Heights
2157,Del Amo Dining Terrace
1451,Del Amo
2944,Mar Vista
629,CS Northridge
887,El Segundo
1585,Brentwood LA
158,Marina Del Rey
1746,Nordhoff Plaza
1286,Hermosa Beach
1705,Tarzana
2462,Valley Plaza Food Court
1586,Redondo Beach
3093,Santa Monica Mid City
2583,Rolling Hills Estates
260,Bakersfield
2185,Chatsworth
1392,Santa Monica
2068,Bakersfield NW
2738,Pacific Palisades
1647,Warner Center
1789,Topanga
1420,Tejon Ranch
227,Woodland Hills
2099,Gosford Village
1588,River Walk Bakersfield
2876,Clovis NE
912,Clovis
3066,Selma
1932,Fresno State
875,Simi Valley
1509,Riverpark Plaza
2587,Bend
1784,Malibu Village
2892,Manchester Mall
110,Fig Garden
2502,Hanford
1272,Westlake Village
2739,West Shaw
2767,Thousand Oaks
706,Newbury Park
2648,Madera
1842,Camarillo Outlets
1964,Oxnard
179,Paradise Center
1672,Placerville
908,Ventura
3219,Seabridge
1954,Merced II
2635,Auburn
2878,Sammamish
778,Issaquah
1953,Folsom 2
740,Redmond
1364,Crossroads II
191,Willowcreek
2316,Rocklin Commons
2575,Factoria
1747,Woodinville
2958,Totem Lake
290,Granite Bay
469,Bellevue
2411,Renton
2846,Fair Oaks Madison
670,Kent
1135,Turlock
275,Creekside
926,Highland Plaza
2701,Riverbank
2270,Southcenter Mall
3166,Smokey Point
1144,Southcenter Square
2957,Everett
2413,Puyallup
274,Sunrise
1688,La Cumbre
2472,Rancho Cordova Rivergate
743,Federal Way
2264,Alderwood Mall
2653,Briggsmore Center
2574,U Village
2935,Lake City Way
688,Lynnwood
704,Rancho Cordova
578,The Ave.
1984,Capitol Hill
1083,Northgate
1363,DT Seattle
2228,South Lake Union
1898,Gresham
1016,Foothill Farms
3388,Oroville
1378,Modesto
2554,The Junction
1459,Goleta
1154,Country Club
2263,Burlington Blvd.
2862,Happy Valley Crossroads
796,Mill Plain
1741,Tacoma Mall
176,Loehmann's Plaza
3506,Reynolds Ranch
200,Howe & Arden
1134,Manteca
1556,Lodi
2158,East Sacramento
2652,205 Commerce
2792,Lakewood Town Center
2184,Portland Cascade Station
137,Laguna Pavilion
1362,Clackamas Town Center
705,Yuba City
2715,Vancouver WA
184,Capitol Mall
601,Natomas
299,Weberstown
1998,Chico Mall
3227,Tower District
3472,DOCO
3288,Elk Grove 2 
3162,Del Paso Marketplace
1472,Land Park
382,Chico
2998,Sacramento Delta Shores
2387,Park West Stockton
2782,SE Belmont
440,Lloyd District
1405,West Sacramento
2382,Hazel Dell
2271,Bellis Fair
437,Director Building
1358,Pearl District
701,Portland State
2750,West Burnside
1645,Kruse Way
1015,Nyberg Woods
2443,Silverdale
2423,Wilsonville
846,Washington Square
2595,Lacey
512,Beaverton
2686,Cedar Mill
2716,Murray Scholls Center
2260,Paso Robles II
2333,Sherwood
2865,Tracy
1646,Santa Maria
619,Hillsboro
108,E Street
2899,Langley
2869,Woodburn
2700,West Hillsboro
1581,Olympia
2906,Arroyo Grande
936,Redding
1708,Madonna Plaza
1213,Lancaster Mall Salem
2366,Keizer Station
2670,Surrey Guildford Mall
2858,South Salem
1670,Brentwood Lone Tree Plaza
2868,Gateway Mall
3195,South Medford
1304,Coburg Station
2594,University of Oregon
804,Delta Gateway
2078,Livermore
2186,Vacaville Nut Tree
1947,Medford OR
2336,Burnaby Metrotown
2137,Gilroy Ca
1092,Morgan Hill
2687,Livermore Outlets
3003,Vancouver Fairview
182,Gateway Courtyard
1199,Corvallis OSU
1875,Vancouver Robson Square
2449,Dublin Hacienda
2909,West Vancouver
3338,Pleasanton
1013,Dublin
2138,Evergreen
3550,Bishop Ranch
3183,Todos Santos
1572,Concord
2258,San Jose Village Oaks
221,San Ramon
2110,McKee and N. Capitol Ave.
1802,Danville
2741,Pleasant Hill Center
140,Pleasant Hill
1864,Salinas
1184,Great Mall of America Bay Area
309,Walnut Creek
3068,San Jose Sun Garden
1765,Brokaw North
3005,Fremont Warm Springs
2048,Martinez
3069,San Jose One South Market
1025,San Jose Airport
1600,Almaden
651,Fremont
1093,The Alameda
2151,Coleman Landings
976,Pacific Commons
2149,Rivermark
1561,At First
1590,Lafayette SF
2045,Valley Fair Mall
1038,Campbell
2315,Vallejo
2047,Santa Clara
1416,Winchester Blvd
1107,Camden Park
219,Castro Valley
3293,Santa Clara Square
2415,South Napa
1031,Newark
1529,Union City
1527,Napa
1769,Los Gatos
1241,Westgate Mall
2292,San Leandro
279,Cherry Orchard
2549,Cupertino Homestead Square
211,Cupertino
2945,Marina
1901,Oakland Hegenberger
801,Mountain View
1505,Pinole
1611,El Monte Center
697,Telegraph Ave.
1738,Oakland Lakeshore
1604,Capitola
2703,Berkeley Shattuck
1591,Sand City II
2544,Oakland Broadway & 30th
1206,Alameda Island
1265,Palo Alto
1899,El Cerrito
231,Gilman
2384,Alameda Landing
1617,Stanford Center
1716,Santa Cruz III
2150,Monterey
135,Del Monte
430,Redwood City
1174,San Carlos
1517,Bridgepointe
2028,Bay Meadows
1566,50 California
2828,SF 400 Howard Street
839,525 Market Street
138,Art College
1857,Sutter and Kearney
1460,Metreon
1702,San Francisco Centre
1230,Union Square
2293,SF Geary & Masonic
934,Millbrae
2187,San Rafael Montecito Plaza
2412,Tanforan Food Court
1643,Novato
1308,San Rafael
2059,Petaluma
2080,Stonestown Galleria
1187,Colma
1637,Lakeshore Plaza
1102,Daly City
1377,Santa Rosa Marketplace
2044,Santa Rosa Coddingtown
1720,Rohnert Park
2746,Ukiah
3699,Colindale
1755,Baker Street UK
1900,Soho Wardour Street
1458,Charing Cross
1887,St. Martins Lane London
1944,Upper Street Islington
2526,London Wall
3422,King William St
2004,La Defense Quatre Temps
2616,So Ouest
2174,Beaugrenelle
1756,Boulevard Montmartre
2726,Montfaucon
2867,Saint-Germain
2152,Frankfurt Skyline Plaza
3423,"MyZeil, Frankfurt"
